{
    "sum_clicks": 0.7055539577476787,
    "avg_score": 0.23610575162347774,
    "submission_rate": 0.05789623576122238,
    "withdrawal_flag": 0.0004440548676211616
}